{"accuracy": [0.9647201299667358, 0.9748997688293457, 0.9748290777206421, 0.9748769998550415, 0.9749135971069336], "loss": [0.2213524878025055, 0.16628718376159668, 0.16679133474826813, 0.16649945080280304, 0.16617681086063385], "learning_rate": [9.999999747378752e-05, 9.999999747378752e-05, 9.999999747378752e-05, 9.999999747378752e-05, 9.999999747378752e-05]}